Id,Company Name,Company Address 1,Company Address 2,Company City,Company State,Company Zip
0,Bankers Standard Insurance Company,PO Box 1000,,Philadelphia,PA,19106
1,Amalgamated Casualty Insurance Company,"8401 Connecticut Avenue, Suite 105",,Chevy Chase,MD,20815
3,CM Select Insurance Company,"3000 Schuster Lane, PO Box 357",,Merrill,WI,54452
10,21st Century Centennial Insurance Company,"21st Century Plaza, 3 Beaver Valley Road",,Wilmington,DE,19803
11,Contractors Bonding and Insurance Company,9025 N. Lindbergh Drive,,Peoria,IL,61615
13,Stratford Insurance Company,"300 Kimball Drive, suite 500",,Parsippany,NJ,07054
15,21st Century Assurance Company,"21st Century Plaza, 3 Beaver Valley Road",,Wilmington,DE,19803
16,Century-National Insurance Company,16650 Sherman Way,,Van Nuys,CA,91406-3782
17,"Governmental Interinsurance Exchange, Governmental Ins Managers, Inc. A/I/F",P. O. Box 157,,Bloomington,IL,61702-0157
18,Unitrin Auto and Home Insurance Company,12926 Gran Bay Parkway West,,Jacksonville,FL,32258
25,"CUMIS Specialty Insurance Company, Inc.",PO Box 1084,,Madison,WI,53701
27,ADM Insurance Company,"76 St. Paul St., Suite 500",,Burlington,VT,05401
29,GuideOne National Insurance Company,1111 Ashworth Road,,West Des Moines,IA,50265-3538
35,American Family Insurance Company,6000 American Parkway,,Madison,WI,53783
36,Vantapro Specialty Insurance Company,"1690 New Britain Avenue, Suite 101",,Farmington,CT,06032
37,NorthStone Insurance Company,400 Quarrier Street,,Charleston,WV,25339-3922
38,National Indemnity Company of the South,"1314 Douglas Street, Suite 1400",,Omaha,NE,68102
40,Sompo America Fire & Marine Insurance Company,11405 North Community House Rd.,Suite 600,Charlotte,NC,28277
41,Federated Reserve Insurance Company,121 East Park Square,,Owatonna,MN,55060
45,Merchants Bonding Company (Mutual),PO Box 14498,,Des Moines,IA,50306-3498
46,Security First Insurance Company,"140 South Atlantic Avenue, Suite 200",,Ormond Beach,FL,32176
48,Root Insurance Company,"34 W. Gay St., Suite 2A",,Columbus,OH,43215
49,Scottsdale Indemnity Company,One West Nationwide Blvd. 1-04-701,,Columbus,OH,43215
50,Southern Guaranty Insurance Company,"13600 ICOT Blvd., Bldg. A",,Clearwater,FL,33760
51,Colonial Surety Company,"123 Tice Boulevard, Wuite 250",,Woodcliff Lake,NJ,07677
53,Iowa Medical Mutual Insurance Company,"220 CMAB, The University of Iowa",,Iowa City,IA,52242
55,Elephant Insurance Company,"9950 Maryland Dr., Suite 400",,Henrico,VA,23233
59,Star Casualty Insurance Company,5539 SW 8 Street,,Miami,FL,33134
61,Indemnity National Insurance Company,"725 Cool Springs Blvd., Suite 600",,Franklin,TN,37067
63,ALPS Property & Casualty Insurance Company,PO Box 9169,,Missoula,MT,59807-9169
65,"Merchants National Bonding, Inc.",PO box 14498,,Des Moines,IA,50306-3498
66,Nationwide Agribusiness Insurance Company,One West Nationwide Blvd. 1-04-701,,Columbus,OH,43215
67,Chiron Insurance Company,PO Box 370,,Algona,IA,50511
68,AMCO Insurance Company,One West Nationwide Blvd. 1-04-701,,Columbus,OH,43215
69,NCMIC Insurance Company,P. O. Box 9118,,Des Moines,IA,50306-9118
70,Professional Solutions Insurance Company,P. O. Box 9118,,Des Moines,IA,50306-9118
71,Allied Property and Casualty Insurance Company,One West Nationwide Blvd. 1-04-701,,Columbus,OH,43215
72,Depositors Insurance Company,One West Nationwide Blvd. 1-04-701,,Columbus,OH,43215
75,United Guaranty Credit Insurance Company,"P. O. Box 20597, Law Dept.",,Greensboro,NC,27420
76,Clermont Insurance Company,"301 Route 17 North, Suite 900",,Rutherford,NJ,07070
78,State Farm Mutual Automobile Insurance Company,One State Farm Plaza,,Bloomington,IL,61701-0001
79,Columbia Mutual Insurance Company,P. O. Box 618,,Columbia,MO,65205
80,Frankenmuth Mutual Insurance Company,One Mutual Avenue,,Frankenmuth,MI,48787-0001
81,Farmers Union Mutual Insurance Company,PO Box 2020,,Jamestown,ND,58402-2020
83,Nationwide Mutual Fire Insurance Company,One West Nationwide Blvd. 1-04-701,,Columbus,OH,43215
84,Pennsylvania National Mutual Casualty Insurance Company,Two North Second Street,,Harrisburg,PA,17105
85,Ohio Farmers Insurance Company,P. O. Box 5001,,Westfield Center,OH,44251-5001
86,Buckeye State Mutual Insurance Company (The),One Heritage Place,,Piqua,OH,45356-4888
89,Nationwide Mutual Insurance Company,One West Nationwide Blvd. 1-04-701,,Columbus,OH,43215
94,American National General Insurance Company,"1949 E. Sunshine, Corporate Ctr.",,Springfield,MO,65899
95,StarStone National Insurance Company,"Harborside Financial Center, Plaza 5, Suite 2600",,Jersey City,NJ,07311
96,National Fire and Indemnity Exch. John L. Corley Inc. A/I/F,P. O. Box 39903,,St. Louis,MO,63139
97,Homesite Insurance Company,"One Federal Street, Suite 400",,Boston,MA,02110
99,Nationwide Assurance Company,One West Nationwide Blvd. 1-04-701,,Columbus,OH,43215
100,Nationwide Property and Casualty Insurance Company,One West Nationwide Blvd. 1-04-701,,Columbus,OH,43215
101,Westfield National Insurance Company,"One Park Circle, P. O. Box 5001",,Westfield Center,OH,44251-5001
102,Harleysville Insurance Company,One West Nationwide Blvd. 1-04-701,,Columbus,OH,43215
103,PartnerRe America Insurance Company,"200 First Stamford Place, Suite 400",,Stamford,CT,06902
104,Hartford Insurance Company of the Midwest,One Hartford Plaza,,Hartford,CT,06155-0001
105,Alea North America Insurance Company,"5 Batterson Park Rd, 3rd Floor",,Farmington,CT,06032
106,Essentia Insurance Company,Ten Parkway North,,Deerfield,IL,60015
107,Partner Reinsurance Company of the U.S.,"200 First Stamford Place, Suite 400",,Stamford,CT,06902
108,PartnerRe Insurance Company of New York,"200 First Stamford Place, Suite 400",,Stamford,CT,06902
109,Riverport Insurance Company,PO Box 1594,,Des Moines,IA,50306-1594
110,Hartford Steam Boiler Inspection & Insurance Company (The),One State St.,,Hartford,CT,06102
111,"WRM America Indemnity Company, Inc.","333 Earle Ovington Blvd, Suite 505",,Uniondale,NY,11553-3426
112,Arch Indemnity Insurance Company,"300 Plaza Three, 3rd Floor",,Jersey City,NJ,07311-1107
113,Twin City Fire Insurance Company,One Hartford Plaza,"Controllers, T-16-85",Hartford,CT,06115
114,Windhaven National Insurance Company,"8550 NW 33rd Street, Suite 400",,Doral,FL,33122
115,Foremost Property and Casualty Insurance Company,"Farmers Ins Group, Regulatory Affairs Dept.",PO Box 1628,Grand Rapids,MI,49501
116,Hartford Underwriters Insurance Company,One Hartford Plaza,,Hartford,CT,06155
117,Hartford Casualty Insurance Company,One Hartford Plaza,"Controllers, T-16-85",Hartford,CT,06115
118,Victoria Fire & Casualty Company,One West Nationwide Blvd. 1-04-701,,Columbus,OH,43215
119,Titan Indemnity Company,One West Nationwide Blvd. 1-04-701,,Columbus,OH,43215
120,XL Reinsurance America Inc.,"Seaview House, 70 Seaview Ave.",,Stamford,CT,06902-6040
121,Foremost Insurance Company,"Farmers Ins Group, Regulatory Affairs Dept.",PO Box 1628,Grand Rapids,MI,49501
122,Transatlantic Reinsurance Company,One Liberty Plaza,165 Broadway,New York,NY,10006
123,Westfield Insurance Company,P. O. Box 5001,,Westfield Center,OH,44251-5001
125,Pacific Employers Insurance Company,PO Box 1000,,Philadelphia,PA,19106
126,State Farm Fire and Casualty Company,One State Farm Plaza,,Bloomington,IL,61710-0001
127,American Road Insurance Company (The),"One American Road, MD 7600",,Dearborn,MI,48126-2701
128,National Casualty Company,One West Nationwide Blvd. 1-04-701,,Columbus,OH,43215
129,Bedivere Insurance Company,"1880 JFK Blvd, Suite 801",,Philadelphia,PA,19103
130,Argonaut Insurance Company,PO Box 469011,,San Antonio,TX,78246-9011
131,BITCO General Insurance Corporation,3700 Market Square Circle,,Davenport,IA,52807-2309
132,BITCO National Insurance Company,3700 Market Square Circle,,Davenport,IA,52807-2309
133,ACE Property and Casualty Insurance Company,PO Box 1000,,Philadelphia,PA,19106
134,Allied Eastern Indemnity Company,PO Box 83777,,Lancaster,PA,17608-3777
135,Harco National Insurance Company,702 Oberlin Road,,Raleigh,NC,27605
136,Insurance Company of North America,PO Box 1000,,Philadelphia,PA,19106
137,"Ironshore Indemnity, Inc.",P.O. Box 3407,,New York,NY,10008
138,Hartford Accident & Indemnity Company,One Hartford Plaza,,Hartford,CT,06115
139,Hartford Fire Insurance Company,One Hartford Plaza,,Hartford,CT,06155
140,Employers Fire Insurance Company (The),"1880 JFK Blvd, Suite 801",,Philadelphia,PA,19103
141,American National Property and Casualty Company,"1949 E. Sunshine, Corporate Ctr.",,Springfield,MO,65899
142,Homesite Insurance Company of the Midwest,"One Federal Street, Suite 400",,Boston,MA,02110
144,Fair American Insurance and Reinsurance Company,One Liberty Plaza,165 Broadway,New York,NY,10006
145,ACE Fire Underwriters Insurance Company,PO Box 1000,,Philadelphia,PA,19106
146,Everspan Financial Guarantee Corp.,"One State Street Plaza, 15th Floor",,New York,NY,10004
147,Vanliner Insurance Company,National Interstate Companies,3250 Interstate Drive,Richfield,OH,44286-9000
148,State Farm General Insurance Company,One State Farm Plaza,,Bloomington,IL,61710-0001
149,Nationwide General Insurance Company,One West Nationwide Blvd. 1-04-701,,Columbus,OH,43215
150,Lamorak Insurance Company,"1880 JFK Blvd, Suite 801",,Philadelphia,PA,19103
151,ACE American Insurance Company,PO Box 1000,,Philadelphia,PA,19106
152,AMBAC Assurance Corporation,One State Street Plaza,,New York,NY,10004
153,Argonaut-Midwest Insurance Company,PO Box 469011,,San Antonio,TX,78246-9011
154,Admiral Indemnity Company,"301 Route 17 North, Suite 900",,Rutherford,NJ,07070
155,Old Guard Insurance Company,PO Box 5001,,Westfield Center,OH,44251-5001
156,"Sentinel Insurance Company, Ltd.",One Hartford Plaza,,Hartford,CT,06115
157,Allied Insurance Company of America,One West Nationwide Blvd. 1-04-701,,Columbus,OH,43215
158,Allegheny Casualty Company,"One Newark Center, 20th Floor",,Newark,NJ,07102
159,Hartford Steam Boiler Inspection and Insurance Company of Connecticut (The),PO Box 299,,Hartford,CT,06141-0299
160,Foremost Signature Insurance Company,PO Box 2450,,Grand Rapids,MI,49501-2450
161,Ansur America Insurance Company,One Mutual Avenue,,Frankenmuth,MI,48787-0001
162,Fortuity Insurance Company,One Mutual Avenue,,Frankenmuth,MI,48787-0001
163,Crestbrook Insurance Company,One West Nationwide Blvd. 1-04-701,,Columbus,OH,43215
164,ProSelect Insurance Company,"One Financial Center, PO Box 55178",,Boston,MA,02205-5178
165,"Haulers Insurance Company, Inc.",PO Box 270,,Columbia,TN,38402-0270
166,USPlate Glass Insurance Company,"One Westbrook Corporate Center, Suite 320",,Westchester,IL,60154
167,Harleysville Worcester Insurance Company,One West Nationwide Blvd. 1-04-701,,Columbus,OH,43215
168,Harleysville Preferred Insurance Company,One West Nationwide Blvd. 1-04-701,,Columbus,OH,43215
169,Nutmeg Insurance Company,One Hartford Plaza,,Hartford,CT,06155-0001
170,Freedom Specialty Insurance Company,One West Nationwide Blvd. 1-04-701,,Columbus,OH,43215
171,"Triangle Insurance Company, Inc.",PO Box 1189,,Enid,OK,73702-1189
172,Lexington National Insurance Corporation,PO Box 6098,,Lutherville,MD,21094
173,Eastern Alliance Insurance Company,PO Box 83777,,Lancaster,PA,17608-3777
174,Argonaut Great Central Insurance Company,PO Box 469011,,San Antonio,TX,78246-9011
175,Indemnity Insurance Company of North America,PO Box 1000,,Philadelphia,PA,19106
176,Constitution Insurance Company,PO Box 8424,,Omaha,NE,68108-8424
177,Nationwide Affinity Insurance Company of America,One West Nationwide Blvd. 1-04-701,,Columbus,OH,43215
178,Westchester Fire Insurance Company,PO Box 1000,,Philadelphia,PA,19106
179,Harleysville Lake States Insurance Company,One West Nationwide Blvd. 1-04-701,,Columbus,OH,43215
180,Old United Casualty Company,P. O. Box 795,,Shawnee Mission,KS,66201
181,Guarantee Company of North America USA (The),"One Towne Square, Suite 1470",,Southfield,MI,48706
182,Trumbull Insurance Company,One Hartford Plaza,,Hartford,CT,06155
183,Property and Casualty Insurance Company of Hartford,One Hartford Plaza,,Hartford,CT,06155-0001
184,American Select Insurance Company,P. O. Box 5001,,Westfield Center,OH,44251-5001
232,Radian Guaranty Inc.,"1500 Market Street, West Tower",,Philadelphia,PA,19103
234,Centurion Casualty Company,800 Walnut Street,,Des Moines,IA,50309-3636
235,Addison Insurance Company,118 2nd Avenue SE,PO Box 73909,Cedar Rapids,IA,52407-3909
237,National Public Finance Guarantee Corporation,"1 Manhattanville Road, Suite 301",,Purchase,NY,10577
240,Bankers Insurance Company,11101 Roosevelt Blvd. N,,St. Petersburg,FL,33716
241,"United Services Automobile Association, USAA Reciprocal, Attorney-in-fact",9800 Fredericksburg Road,,San Antonio,TX,78288-0729
243,Farmers Insurance Exchange Farmers Underwriters Assn. A/I/F,"Farmers Ins Group, Regulatory Affairs Dept.",PO Box 1628,Grand Rapids,MI,49501
246,Owners Insurance Company,"5925 Council St., NE, Suite 100",,Cedar Rapids,IA,52402
248,Graphic Arts Mutual Insurance Company,P. O. Box 530,,Utica,NY,13503
249,OneCIS Insurance Company,"1601 Sawgrass Corporate Pkwy, Suite 400",,Fort Lauderdale,FL,33323
250,Farmers Auto. Ins. Assn. Farmers Automobile Management Corp. A/I/F,2505 Court Street,,Pekin,IL,61558
253,Preferred Professional Insurance Company,"11605 Miracle Hills Drive, #200",,Omaha,NE,68154-4467
257,"Virginia Surety Company, Inc.",175 W Jackson,,Chicago,IL,60604
258,Country Casualty Insurance Company,P. O. Box 2100,,Bloomington,IL,61702-2100
259,Fire Insurance Exchange Fire Underwriters Assn. A/I/F,"Farmers Ins Group, Regulatory Affairs Dept.",PO Box 1628,Grand Rapids,MI,49501
264,"MMIC Insurance, Inc.","7701 France Avenue South, Suite 500",,Minneapolis,MN,55435-5288
265,"Doctors' Company (The), An Interinsurance Exchange, The Doctor's Management",P. O. Box 2900,,Napa,CA,94558-0900
266,Shelter Reinsurance Company,1817 West Broadway,,Columbia,MO,65218
268,Iowa American Insurance Company,P.O. Box 290,,De Witt,IA,52742
272,Farmers Alliance Mutual Insurance Company,1122 North Main St.,,McPherson,KS,67460
273,TIG Insurance Company,"250 Commercial Street, Suite 5000",,Manchester,NH,03101
274,National Indemnity Company of Mid-America,"1314 Douglas Street, Suite 1400",,Omaha,NE,68102-1944
275,Zurich American Insurance Company of Illinois,"1299 Zurich Way, 5th Floor",,Schaumburg,IL,60196
276,Grain Dealers Mutual Insurance Company,55 West Street,,Keene,NH,03431
279,"CUMIS Insurance Society, Inc.",P. O. Box 1084,,Madison,WI,53701
286,AXIS Reinsurance Company,"11680 Great Oaks Way, Suite 500",,Alpharetta,GA,30022
287,Scor Reinsurance Company,"199 Water Street, 21st Floor",,New York,NY,10038
288,AXA Art Insurance Corporation,"3 West 35th Street, 11th Floor",,New York,NY,10001
291,Progressive Northwestern Insurance Company,6300 Wilson Mills Road,,Mayfield Village,OH,44143-2182
292,Platte River Insurance Company,PO Box 5900,,Madison,WI,53705-0900
293,United Financial Casualty Company,6300 Wilson Mills Road,,Mayfield Village,OH,44143-2182
294,West Bend Mutual Insurance Company,1900 South 18th Ave.,,West Bend,WI,53095
295,Union Insurance Company,P.O. Box 1594,,Urbandale,IA,50306-1594
296,Milbank Insurance Company,518 E. Broad Street,,Columbus,OH,43215
297,Work First Casualty Company,"1100 East 6600 South, Suite 260",,Salt Lake City,UT,84121
298,Western National Mutual Insurance Company,Edina Corporate Center,4700 West 77th Street,Edina,MN,55435-4818
299,Aegis Security Insurance Company,P. O. Box 3153,,Harrisburg,PA,17105-3153
301,Clear Spring Property and Casualty Company,"227 West Monroe, Suite 3950",,Chicago,IL,60606
302,Sirius America Insurance Company,"140 Broadway, 32nd Floor",,New York,NY,10005
306,Chubb Indemnity Insurance Company,202B Hall's Mill Road,,Whitehouse Station,NJ,08889
309,ACSTAR Insurance Company,30 South Road,,Farmington,CT,06032
310,Central States Indemnity Co. of Omaha,P. O. Box 34888,,Omaha,NE,68134-0888
311,"Federated Rural Electric Insurance Exchange, Fed Rural Elec Mgmt Corp A/I/F",P. O. Box 15147,,Lenexa,KS,66214-5147
312,United Wisconsin Insurance Company,PO Box 40790,,Lansing,MI,48901-7990
313,Universal Underwriters Insurance Company,1400 American Lane.,,Schaumburg,IL,60196
314,Star Insurance Company,26255 American Drive,,Southfield,MI,48034
315,Founders Insurance Company,"1350 East Touhy Avenue, Suite 200W",,Des Plaines,IL,60018
316,SFM Mutual Insurance Company,"3500 American Blvd. West, Suite 700",,Minneapolis,MN,55431
317,American Security Insurance Company,"260 Interstate North Circle, SE",,Atlanta,GA,30339
318,Southern General Insurance Company,P. O. Box 28155,,Atlanta,GA,30358
319,Navigators Insurance Company,400 Atlantic Street,,Stamford,CT,06901
320,Sagamore Insurance Company,"111 Congressional Blvd., Suite 500",,Carmel,IN,46032
322,"TransGuard Insurance Company of America, Inc.",702 Oberlin Road,,Raleigh,NC,27605
323,Wausau Business Insurance Company,175 Berkeley Street,,Boston,MA,02116
325,Producers Agriculture Insurance Company,2025 South Hughes,,Amarillo,TX,79109
328,Continental Indemnity Company,PO Box 3646,,Omaha,NE,68103-0646
333,Utica Mutual Insurance Company,P. O. Box 530,,Utica,NY,13503
334,NOVA Casualty Company,440 Lincoln Street,,Worcester,MA0165,06095
335,Truck Insurance Exchange Truck Undrwrtrs. Assn. A/I/F,"Farmers Ins Group, Regulatory Affairs Dept.",PO Box 1628,Grand Rapids,MI,49501
337,Fidelity and Deposit Company of Maryland,"1400 American Lane, Tower 1 19th Floor",,Schaumburg,IL,60196-1056
338,MIC General Insurance Corporation,"5630 University Parkway, Mail Code 4A05",,Winston-Salem,NC,27105
339,Factory Mutual Insurance Company,"270 Central Avenue,  P. O. Box 7500",,Johnston,RI,02919
341,Odyssey Reinsurance Company,300 First Stamford Place,,Stamford,CT,06902
343,Trenwick America Reinsurance Corporation,"40 Richards Avenue, 3rd Floor",,Norwalk,CT,06854
348,Response Insurance Company,"One East Wacker Drive, Suite 1500",,Chicago,IL,60601
350,Aetna Insurance Company of Connecticut,151 Farmington Avenue,,Hartford,CT,06156
352,Berkley Regional Insurance Company,PO Box 1594,,Des Moines,IA,50306-1594
353,Cameron National Insurance Company,214 E. McElwain Drive,,Cameron,MO,64429-1321
357,Viking Insurance Company of Wisconsin,1800 North Point Drive,,Stevens Point,WI,54481
358,Great American Spirit Insurance Company,301 E. Fourth Street,,Cincinnati,OH,45202-4201
359,Tri-State Insurance Company of Minnesota,PO Box 1594,,Des Moines,IA,50306-1594
361,Central Mutual Insurance Company,800 South Washington St.,,Van Wert,OH,45891
362,U.S. Specialty Insurance Company,13403 Northwest Freeway,,Houston,TX,77040-6094
363,Evergreen National Indemnity Company,"6140 Parkland Blvd., Suite 321",,Mayfield Heights,OH,44124
364,Minnesota Lawyers Mutual Insurance Company,"333 South 7th Street, #2200",,Minneapolis,MN,55402
365,State Auto Property & Casualty Insurance Company,518 East Broad St.,,Columbus,OH,43215-3976
366,21st Century Indemnity Insurance Company,"21st Century Plaza, 3 Beaver Valley Road",,Wilmington,DE,19803
369,Aspen American Insurance Company,"175 Capital Blvd, Suite 300",,Rocky Hill,CT,06067
370,MFS Mutual Insurance Company,365 West Burlington Ave,,Burlington,IA,52601-9400
372,Radian Mortgage Assurance Inc.,"1500 Market Street, West Tower",,Philadelphia,PA,19102
373,Infinity Insurance Company,2201 4th Avenue North,,Birmingham,AL,35203
374,Insurance Company of the West,P. O. Box 509039,,San Diego,CA,92150-9039
375,Insurance Company of Illinois,175 Berkeley St.,,Boston,MA,02116
376,New England Reinsurance Corporation,100 High Street,,Boston,MA,02110
378,GuideOne Property & Casualty Insurance Company,1111 Ashworth Road,,West Des Moines,IA,50265-3538
379,Finial Reinsurance Company,"1314 Douglas Street, Suite 1400",,Omaha,NE,68102-1944
380,Sentry Select Insurance Company,1800 North Point Drive,,Stevens Point,WI,54481-1283
384,"MutualAid eXchange, MII Management Group, Inc. Atty-in-fact","4400 College Blvd., Suite 250",,Overland Park,KS,66211
385,OHIC Insurance Company,PO Box 2900,,Napa,CA,94558
386,Motorists Commercial Mutual Insurance Company,471 East Broad Street,,Columbus,OH,43215
389,Brotherhood Mutual Insurance Company,P. O. Box 2227,,Ft. Wayne,IN,46801
391,EMC Reinsurance Company,P.O. Box 712,,Des Moines,IA,50306-0712
392,Continental Western Insurance Company,P.O. Box 1594,,Des Moines,IA,50306
393,Le Mars Insurance Company,P.O. Box 1608,,Le Mars,IA,51031-1608
395,Western Agricultural Insurance Company,5400 University Avenue,,West Des Moines,IA,50266-5997
396,Allmerica Financial Alliance Insurance Company,440 Lincoln Street,,Worcester,MA,01653
398,Midwest Builders' Casualty Mutual Company,"1100 Walnut Street, Suite 3010",,Kansas City,MO,64106
400,Peak Property and Casualty Insurance Corporation,1800 North Point Drive,,Stevens Point,WI,54481
401,American Mining Insurance Company,3490 Independence Dr.,,Birmingham,AL,35209
402,UFG Specialty Insurance Company,PO Box 73909,,Cedar Rapids,IA,52407-3909
403,GuideOne Specialty Mutual Insurance Company,1111 Ashworth Road,,West Des Moines,IA,50265-3538
404,Standard Property and Casualty Insurance Company,1028 South Grand Ave. West,,Springfield,IL,62704
405,Mortgage Guaranty Insurance Corporation,P. O. Box 756,,Milwaukee,WI,53201
408,Progressive Northern Insurance Company,6300 Wilson Mills Road,,Cleveland,OH,44143-2109
411,"National Insurance Association, The National Corporation A/I/F",175 Berkeley Street,,Boston,MA,02116
415,Partners Mutual Insurance Company,20935 Swenson Drive,,Waukesha,WI,53186-2057
417,"ACUITY, A Mutual Insurance Company",2800 S. Taylor Drive,,Sheboygan,WI,53081
418,"Great Plains Casualty, Inc.",PO Box 68,3930 16th Avenue SW,Cedar Rapids,IA,52406
419,Chubb National Insurance Company,202B Hall's Mill Road,,Whithouse Station,NJ,08889
420,Employers Mutual Casualty Company,P. O. Box 712,,Des Moines,IA,50306-0712
421,Grinnell Mutual Reinsurance Company,"4215 Highway 146, P.O. Box 790",,Grinnell,IA,50112-0790
422,Farm Bureau Property & Casualty Insurance Company,5400 University Avenue,,West Des Moines,IA,50266-5997
423,Michigan Millers Mutual Insurance Company,P. O. Box 30060,,Lansing,MI,48909
424,Indiana Lumbermens Mutual Insurance Company,"2005 Market Street, Sutie 1200",,Philadelphia,PA,19103-7008
425,Cincinnati Casualty Company (The),P. O. Box 145496,,Cincinnati,OH,45250-5496
426,Sompo America Insurance Company,"11405 N. Community House Rd, Suite 600",,Charlotte,NC,28277-1502
427,FMH Ag Risk Insurance Company,6785 Westown Parkway,,West Des Moines,IA,50266
428,Badger Mutual Insurance Company,1635 West National Ave.,,Milwaukee,WI,53204
433,Greenwich Insurance Company,70 Seaview Avenue,,Stamford,CT,06902
434,American States Insurance Company of Texas,175 Berkeley Street,,Boston,MA,98185
436,"Society Insurance, a mutual company",P.O. Box 1029,,Fond du Lac,WI,54936-1029
438,North Pointe Insurance Company,One General Drive,,Sun Prairie,WI,53596
440,"Housing Authority Property Insurance, A Mutual Company",PO Box 189,,Cheshire,CT,06410-0189
443,Syncora Guarantee Inc.,"135 West 50th Street, 20th Floor",,New York,NY,10020
444,Wilshire Insurance Company,"702 Oberlin Rd., P. O. Box 10800",,Raleigh,NC,27605
446,Carolina Casualty Insurance Company,"5011 Gate Parkway, Building 200, Suite 200",,Jacksonville,FL,32256
447,Florists Mutual Insurance Company,1 Horticultural Lane,,Edwardsville,IL,62025
448,LM General Insurance Company,175 Berkeley Street,,Boston,MA,02116
449,Genworth Mortgage Insurance Corporation,8325 Six Forks Road,,Raleigh,NC,27615
450,Pacific Star Insurance Company,PO Box 509020,,San Diego,CA,92150-9020
451,Bar Plan Mutual Insurance Company (The),1717 Hidden Creek Court,,St. Louis,MO,63131
453,Amica Mutual Insurance Company,P. O. Box 6008,,Providence,RI,02904
454,General Security National Insurance Company,"199 Water Street, 21st Floor",,New York,NY,10038
457,AGCS Marine Insurance Company,"225 W. Washington Street, Suite 1800",,Chicago,IL,60606
458,Progressive Preferred Insurance Company,6300 Wilson Mills Road,,Mayfield Village,OH,44143-2182
459,"Accredited Surety and Casualty Company, Inc.",PO Box 140855,,Orlando,FL,32814-0855
462,GuideOne Elite Insurance Company,1111 Ashworth Road,,West Des Moines,IA,50265-3538
463,State Automobile Mutual Insurance Company,518 East Broad St.,,Columbus,OH,43216
466,GEICO Casualty Company,One Geico Plaza,,Washington,DC,20047-0001
469,Oakwood Insurance Company,"628 Hebron Avenue, Suite 106",,Glastonbury,CT,06033
473,American Zurich Insurance Company,"1400 American Lane, Tower 1, 19th Floor",,Schaumburg,IL,60196-1056
474,First American Property & Casualty Insurance Company,4 First American Way,,Santa Ana,CA,92707
476,Progressive Advanced Insurance Company,6300 Wilson Mills Rd.,,Mayfield Village,OH,44143-2182
477,Warner Insurance Company,"One East Wacker Drive, Suite 3700",,Chicago,IL,60601
478,American Contractors Indemnity Company,"801 South Figueroa Street, Suite 700",,Los Angeles,CA,90017
479,Developers Surety and Indemnity Company,P. O. Box 19725,,Irvine,CA,92623-9725
480,"Dakota Truck Underwriters, Risk Administration Services, Inc. A/I/F",PO Box 89310,,Sioux Falls,SD,57109-9310
481,Progressive Classic Insurance Company,6300 Wilson Mills Road,,Mayfield Village,OH,44143-2182
482,Genesis Insurance Company,120 Long Ridge Road,,Stamford,CT,06902
483,"American Family Mutual Insurance Company, S.I.",6000 American Parkway,,Madison,WI,53783
484,Church Insurance Company (The),19 East 34th Street,,New York,NY,10016
486,"Sentry Insurance, a Mutual Company",1800 North Point Drive,,Stevens Point,WI,54481
490,Colonial American Casualty and Surety Company,"1400 American Lane, Tower 1 19th Floor",,Schaumburg,IL,60196-1056
491,Brookwood Insurance Company,"1314 Douglas Street, Suite 1300",,Omaha,NE,68102-1944
492,MGIC Indemnity Corporation,PO Box 756,,Milwaukee,WI,53201
493,Integrity Mutual Insurance Company,P. O. Box 539,,Appleton,WI,54912
494,Imperium Insurance Company,"800 Gessner, Suite 600",,Houston,TX,77024
495,Standard Guaranty Insurance Company,"260 Interstate North Circle, SE",,Atlanta,GA,30339-2110
496,Genworth Mortgage Insurance Corporation of North Carolina,8325 Six Forks Road,,Raleigh,NC,27615
498,BrickStreet Mutual Insurance Company,400 Quarrier Street,,Charleston,WV,25339-3922
500,Donegal Mutual Insurance Company,PO Box 302,,Marietta,PA,17547-0302
501,United Fire & Casualty Company,P. O. Box 73909,,Cedar Rapids,IA,52407-3909
503,Country Mutual Insurance Company,PO Box 2100,,Bloomington,IL,61702-2100
504,CAMICO Mutual Insurance Company,"1800 Gateway Drive, Suite 300",,San Mateo,CA,94404
506,Petroleum Marketers Management Insurance Company,PO Box 7628,,Urbandale,IA,50323
507,Unitrin Safeguard Insurance Company,12926 Gran Bay Parkway West,,Jacksonville,FL,32258
508,ARAG Insurance Company,"500 Grand Avenue, Suite 100",,Des Moines,IA,50309
511,Accident Fund Insurance Company of America,PO Box 40790,,Lansing,MI,48901-7990
512,Alpha Property & Casualty Insurance Company,"8360 LBJ Freeway, Suite 400",,Dallas,TX,75243
513,Union Insurance Company of Providence,P. O. Box 712,,Des Moines,IA,50306-0712
515,Farmers Mutual Hail Insurance Company of Iowa,6785 Westown Parkway,,West Des Moines,IA,50266
516,National Interstate Insurance Company,3250 Interstate Drive,,Richfield,OH,44286-9000
518,Explorer Insurance Company,PO Box 509039,,San Diego,CA,92150-9039
519,Illinois EMCASCO Insurance Company,PO Box 712,,Des Moines,IA,50306-0712
520,SAFECO Insurance Company of Illinois,175 Berkeley St.,,Boston,MA,02116
521,Grinnell Select Insurance Company,"4215 Highway 146, P.O. Box 790",,Grinnell,IA,50112-0790
523,Assured Guaranty Municipal Corp.,1633 Broadway,,New York,NY,10019
524,MGIC Credit Assurance Corporation,PO Box 756,,Milwaukee,WI,53201
525,Advantage Workers Compensation Insurance Company,PO Box 571918,,Salt Lake City,UT,84157-1918
526,ISMIE Mutual Insurance Company,20 North Michigan Avenue,,Chicago,IL,60602-4811
527,Allstate Property and Casualty Insurance Company,"3075 Sanders Rd., Suite H1B",,Northbrook,IL,60065
528,Trustgard Insurance Company,P. O. Box 1218,,Columbus,OH,43216-1218
529,SFM Select Insurance Company,"3500 American Blvd. West, Suite 700",,Bloomington,MN,55431
530,IMT Insurance Company,P. O. Box 1336,,Des Moines,IA,50306-1336
531,"Atradius Trade Credit Insurance, Inc.","230 Schilling Circle, Suite 240",,Hunt Valley,MD,21031-8643
532,"First Acceptance Insurance Company, Inc.",PO Box 23410,,Nashville,TN,37202
534,"Essent Guaranty, Inc.",Two Radnor Corporate Center,"100 Matsonford Rd., 3rd Floor",Radnor,PA,19087
535,EMCASCO Insurance Company,P.O. Box 712,,Des Moines,IA,50306-0712
539,Agri General Insurance Company,"9200 Northpark Drive, #350",,Johnston,IA,50131-3007
540,GuideOne Mutual Insurance Company,1111 Ashworth Road,,West Des Moines,IA,50265-3538
541,Greater New York Mutual Insurance Company,200 Madison Ave.,,New York,NY,10016
545,Merastar Insurance Company,"One E. Wacker Drive, Suite 3700",,Chicago,IL,60601
547,Armed Forces Insurance Exchange Armed Forces Ins. Corp. A/I/F,550 Eisenhower Road,,Leavenworth,KS,66048
548,Grange Mutual Casualty Company,P. O. Box 1218,,Columbus,OH,43216
549,Amerisure Mutual Insurance Company,P.O. Box 2060,,Farmington Hills,MI,48333-2060
552,American Family Home Insurance Company,P. O. Box 5323,,Cincinnati,OH,45201-5323
554,Auto-Owners Insurance Company,P. O. Box 30660,,Lansing,MI,48909
555,Netherlands Insurance Company (The),175 Berkeley Street,,Boston,MA,02116
557,Farmers Mutual Insurance Company of Nebraska,501 S. 13th St,,Lincoln,NE,68508-2703
558,"State National Insurance Company, Inc.",1900 L. Don Dodson Drive,,Bedford,TX,76021
559,Atlantic Specialty Insurance Company,"605 Highwat 169 North, Suite 800",,Plymouth,MN,55441
560,Consolidated Insurance Company,175 Berkeley Street,,Boston,MA,02116
561,United Ohio Insurance Company,1725 Hopley Avenue,,Bucyrus,OH,44820-0111
562,Illinois Insurance Company,PO Box 3646,,Omaha,NE,68103-0646
563,American Fire and Casualty Company,175 Berkeley Street,,Boston,MA,02116
564,American Alternative Insurance Corporation,555 College Road East,,Princeton,NJ,08543
565,NGM Insurance Company,"4601 Touchton Road East, Suite 3400",,Jacksonville,FL,32245-3600
566,Wisconsin Reinsurance Corporation,PO Box 7988,,Madison,WI,53707-7988
567,Western General Insurance Company,"5230 Las Virgenes Road, Suite 100",,Calabasas,CA,91302
568,Stillwater Property and Casualty Insurance Company,"4905 Belfort Rd., Suite 110",,Jacksonville,FL,32256
569,Starr Specialty Insurance Company,399 Park Avenuem 8th floor,,New York,NY,10022
570,Granite State Insurance Company,"175 Water St., 18th Floor",,New York,NY,10038
571,RLI Insurance Company,9025 North Lindbergh Drive,,Peoria,IL,61614
572,Cherokee Insurance Company,34200 Mound Road,,Sterling Heights,MI,48310
573,United States Fire Insurance Company,PO Box 1973,,Morristown,NJ,07962
574,Coface North America Insurance Company,"650 College Road East, Suite 2005",,Princeton,NJ,08540-6779
576,Alaska National Insurance Company,7001 Jewell Lake Road,,Anchorage,AK,99502
577,Topa Insurance Company,"24025 Park Sorrento, suite 300",,Calabasas,CA,91302
578,Occidental Fire & Casualty Company of North Carolina,"702 Oberlin Rd., P. O. Box 10800",,Raleigh,NC,27605
579,Accident Fund National Insurance Company,PO Box 40790,,Lansing,MI,48901-7990
580,Lafayette Insurance Company,118 Second Avenue SE,PO Box 73909,Cedar Rapids,IA,82407-3909
581,Accident Fund General Insurance Company,PO Box 40790,,Lansing,MI,48901-7990
582,Integrity Property & Casualty Insurance Company,PO Box 539,,Appleton,WI,54912-0539
583,New Hampshire Insurance Company,"175 Water St., 18th Floor",,New York,NY,10038
584,National General Insurance Company,"5630 University Parkway, Mail Code 4A05",,Winston-Salem,NC,27105
585,FirstComp Insurance Company,PO Box 3009,,Omaha,NE,68103-0009
586,American Access Casualty Company,2211 Butterfield Road,,Downers Grove,IL,60515
587,California Insurance Company,PO Box 3646,,Omaha,NE,68103-0646
588,Southwest Marine and General Insurance Company,"412 Mt. Kemble Avenue, Suite 300C",,Morristown,NJ,07960
589,Illinois National Insurance Company,"175 Water Street, 18th Floor",,New York,NY,10038
590,Allianz Global Risks US Insurance Company,"225 W. Washington St., #1800",,Chicago,IL,60606
591,Podiatry Insurance Company of America,"3000 Meridian Blvd., #400",,Franklin,TN,37067
592,Artisan and Truckers Casualty Company,"6300 Wilson Mills Road, W33",,Mayfield Village,OH,44143-2182
593,Employers Preferred Insurance Company,10375 Professional Circle,,Reno,NV,89521
594,Rampart Insurance Company,C/O Armour Risk Management,"1880 JFK Boulevard, Suite 801",Philadelphia,PA1910,10004-2246
595,Garrison Property and Casualty Insurance Company,9800 Fredericksburg Road,,San Antonio,TX,78288
596,"Housing Enterprise Insurance Company, Inc.",189 Commerce Court,,Cheshire,CT,06410
597,"Beazley Insurance Company, Inc.",30 Batterson Park Road,,Farmington,CT,06032
598,Esurance Property and Casualty Insurance Company,650 Davis Street,,San Francisco,CA,94111
599,Wadena Insurance Company,P.O. Box 1336,,Des Moines,IA,50306-1336
600,Great American Alliance Insurance Company,301 E. Fourth Street,,Cincinnati,OH,45202-4201
601,National Liability & Fire Insurance Company,"1314 Douglas Street, Suite 1400",,Omaha,NE,68102-1944
602,21st Century Insurance Company,"21st Century Plaza, 3 Beaver Valley Road",,Wilmington,DE,19803
603,Peerless Indemnity Insurance Company,175 Berkeley Street,,Boston,MA,02116
604,First Colonial Insurance Company,1776 American Heritage Life Drive,,Jacksonville,FL,32224-6688
605,Old Republic General Insurance Corporation,307 North Michigan Ave.,,Chicago,IL,60601
606,Commerce and Industry Insurance Company,"175 Water St., 18th Floor",,New York,NY,10038
607,Cincinnati Indemnity Company (The),P. O. Box 145496,,Cincinnati,OH,45250-5496
608,Ohio Mutual Insurance Company,1725 Hopley Avenue,,Bucyrus,OH,44820-0111
609,BCS Insurance Company,"2 Mid America Plaza, Suite 200",,Oakbrook Terrace,IL,60181
610,Previsor Insurance Company,"1675 Broadway, Suite #1200",,Denver,CO,80202
611,First Dakota Indemnity Company,PO Box 89310,,Sioux Falls,SD,57106
612,Allied World National Assurance Company,"199 Water Street, 24th Floor",,New York,NY,10038
613,Frank Winston Crum Insurance Company,100 S Missouri Avenue,,Clearwater,FL,33756
614,Yosemite Insurance Company,601 N.W. Second St.,,Evansville,IN,47708
615,R.V.I. America Insurance Company,"177 Broad Street, 9th Floor",,Stamford,CT,06901
616,American Reliable Insurance Company,"8655 E. Via De Ventura, Suite E200",,Scottsdale,AZ,85258
617,Encompass Indemnity Company,"3075 Sanders Road, Suite H1A",,Northbrook,IL,60062-7127
618,Williamsburg National Insurance Company,26255 American Drive,,Southfield,MI,48034
619,National Continental Insurance Company,6300 Wilson Mills Road,,Mayfield Village,OH,44113-2182
620,Midwest Insurance Company,300 S. Bradfordton Road,,Springfield,IL,62711
621,American Modern Property & Casualty Insurance Company,PO Box 5323,,Cincinnati,OH,45201-5323
622,Inland Insurance Company,P. O. Box 80468,,Lincoln,NE,68501
623,Courtesy Insurance Company,500 Jim Moran Blvd.,,Deerfield Beach,FL,33442
624,American Agri-Business Insurance Company,7101 82nd Street,,Lubbock,TX,79424
625,Esurance Insurance Company of New Jersey,650 Davis Street,,San Francisco,CA,94111
626,American Bankers Insurance Company of Florida,11222 Quail Roost Drive,,Miami,FL,33157
627,Censtat Casualty Company,PO Box 642180,,Omaha,NE,68134
629,American Southern Home Insurance Company,PO Box 5323,,Cincinnati,OH,45201-5323
630,Bristol West Insurance Company,900 South Pine Island Road,,Plantation,FL,33324
631,Berkley National Insurance Company,PO Box 1594,,Des Moines,IA,50306-1594
632,Old Republic Insurance Company,"307 N. Michigan Ave, 17th Floor",,Chicago,IL,60601
633,American States Insurance Company,175 Berkeley St.,,Boston,MA,02116
634,Dairyland Insurance Company,1800 North Point Drive,,Stevens Point,WI,54481
635,Jefferson Insurance Company,9950 Maryland Drive,,Richmond,VA,23233
636,Integon Indemnity Corporation,"5630 University Parkway, Mail Code 4A05",,Winston-Salem,NC,27105
637,21st Century North America Insurance Company,"21st Century Plaza, 3 Beaver Valley Road",,Wilmington,DE,19803
638,AmGUARD Insurance Company,16 South River Street,,Wilkes-Barre,PA,18703
639,Assured Guaranty Corp.,1633 Broadway,,New York,NY,10019
640,Hiscox Insurance Company Inc.,"104 S Michigan Ave., Suite 600",,Chicago,IL,60603
641,Hanover Insurance Company (The),440 Lincoln Street,,Worcester,MA,01653
642,ProCentury Insurance Company,"550 Polaris Parkway, Suite 300",,Westerville,OH,43082
644,Pioneer Specialty Insurance Company,Edina Corporate Center,4700 West 77th Street,Edina,MN,55435-4818
645,North Star Mutual Insurance Company,PO Box 48,,Cottonwood,MN,56229
646,Stillwater Insurance Company,"4905 Belfort Rd., Suite 110",,Jacksonville,FL,32256
647,Endurance Assurance Corporation,"4 Manhattanville Road, 3rd Floor",,Purchase,NY,10577
648,Grange Indemnity Insurance Company,PO Box 1218,,Columbus,OH,43216-1218
650,Affiliated FM Insurance Company,"270 Central Avenue, PO Box 7500",,Johnston,RI,02919
652,Vigilant Insurance Company,202B Hall's Mill Road,,Whitehouse Station,NJ,08889
653,Petroleum Casualty Company,22777 Springwoods Village Parkway,,Spring,TX,77389
654,"American Service Insurance Company, Inc.","953 American Lane, 3rd Floor",,Schaumburg,IL,60173
655,Allstate Indemnity Company,"3075 Sanders Rd., Suite H1B",,Northbrook,IL,60065
656,Auto Club Property-Casualty Insurance Company,1 Auto Club Drive,,Dearborn,MI,48126
657,Penn Millers Insurance Company,436 Walnut Street,,Philadelphia,PA,19106
658,"Farmers Insurance Company, Inc.","Farmers Ins Group, Regulatory Affairs Dept.",PO Box 1628,Grand Rapids,MI,49501
659,American Modern Home Insurance Company,P. O. Box 5323,,Cincinnati,OH,45201-5323
660,Home-Owners Insurance Company,PO Box 30660,,Lansing,MI,48909-8160
661,American Pet Insurance Company,6100 4th Ave S.,,Seattle,WA,98108
662,Great West Casualty Company,1100 West 29th St.,PO box 277,South Sioux City,NE,68776-0277
663,National American Insurance Company,P. O. Box 9,,Chandler,OK,74834
664,Triumphe Casualty Company,3250 Interstate Drive,,Richfield,OH,44286
665,Government Employees Insurance Company,GEICO Plaza,,Washington,DC,20076
666,Empire Fire and Marine Insurance Company,1400 American Lane,,Schaumburg,IL,60196
667,Sentruity Casualty Company,1345 Enclave Parkway,,Houston,TX,77077
668,Allied World Specialty Insurance Company,"1690 New Britain Avenue, Suite 101",,Farmington,CT,06032
669,City National Insurance Company,1900 L. Don Dodson Dr.,,Bedford,TX,76021
670,Universal Surety Company,"601 S. 12th St., P. O. Box 80468",,Lincoln,NE,68501
671,Hawkeye-Security Insurance Company,175 Berkeley Street,,Boston,MA,02116
673,First Liberty Insurance Corporation (The),175 Berkeley Street,,Boston,MA,02116
674,Compass Insurance Company,"8200 Beckett Park Drive, Suite 201",,West Chester,OH,45069
675,"Roche Surety and Casualty Company, Inc.","4107 North Himes Avenue, 2nd Floor",,Tampa,FL,33607
676,Liberty Insurance Corporation,175 Berkeley Street,,Boston,MA,02116
677,American Guarantee & Liability Insurance Company,1299 Zurich Way,,Schaumburg,IL,60196
678,GEICO Marine Insurance Company,5323 Port Royal Road,,Springfield,VA,22151-2106
679,Acadia Insurance Company,1 Acadia Commons,,Westbrook,ME,04092
680,GEICO Choice Insurance Company,One GEICO Plaza,,Washington,DC,20076
681,Homeowners of America Insurance Company,"1400 Corporate Dr, Suite 300",,Irving,TX,75038
682,Pennsylvania Manufacturers' Association Insurance Company,380 Sentry Parkway,,Blue Bell,PA,19422-2328
683,LM Insurance Corporation,175 Berkeley Street,,Boston,MA,02116
684,Allstate Insurance Company,"3075 Sanders Rd., Suite H1B",,Northbrook,IL,60065
685,Progressive Casualty Insurance Company,6300 Wilson Mills Road,,Mayfield Village,OH,44143-2182
686,"CampMed Casualty & Indemnity Company, Inc.",440 Lincoln Street,,Worcester,MA,20190
687,National General Assurance Company,"5630 University Parkway, Mail Code 4A05",,Winston-Salem,NC,27105
688,Safeway Insurance Company,790 Pasquinelli Drive,,Westmont,IL,60559-1254
689,National Surety Corporation,"225 W. Washington St., Suite 1800",,Chicago,IL,60606
690,SureTec Insurance Company,"1330 Post Oak Boulevard, Suite 1100",,Houston,TX,77056
691,Ohio Casualty Insurance Company (The),175 Berkeley Street,,Boston,MA,02116
692,Lancer Insurance Company,PO Box 9004,,Long Beach,NY,11561-9004
693,Caterpillar Insurance Company,2120 West End Avenue,,Nashville,TN,37203-0001
694,Hastings Mutual Insurance Company,404 E. Woodlawn Avenue,,Hastings,MI,49058
695,AIU Insurance Company,"175 Water St., 18th Floor",,New York,NY,10038
696,Property-Owners Insurance Company,PO Box 30660,,Lansing,MI,48909-8160
697,Direct National Insurance Company,1281 Murfreesboro Road,,Nashville,TN,37214
699,White Pine Insurance Company,"550 West Merrill Street, Suite 200",,Birmingham,MI,48009
700,LM Property and Casualty Insurance Company,175 Berkeley Street,,Boston,MA,02116
701,Trinity Universal Insurance Company,12926 Gran Bay Parkway West,,Jacksonville,FL,32258
702,Transamerica Casualty Insurance Company,6400 C Street SW,,Cedar Rapids,IA,52499
703,EastGUARD Insurance Company,16 South River Street,,Wilkes-Barre,PA,18703
704,Atlantic States Insurance Company,1195 River Road,,Marietta,PA,17547-0302
705,MEMIC Indemnity Company,"1750 Elm Street, Suite 500",,Manchester,NH,03104
706,American Surety Company,"250 East 96th Street, Suite 202",,Indianapolis,IN,46240
707,Great Divide Insurance Company,PO Box 1594,,Des Moines,IA,50306
708,Pennsylvania Manufacturers Indemnity Company,PO Box 3031,,Blue Bell,PA,19422-0754
709,Atlanta International Insurance Company,3024 Harney Street,,Omaha,NE,68131-3580
710,Country Preferred Insurance Company,PO Box 2100,,Bloomington,IL,61702-2100
711,General Reinsurance Corporation,120 Long Ridge Road,,Stamford,CT,06902
712,New York Marine and General Insurance Company,"412 Mt. Kemble Avenue, Suite 300C",,Morristown,NJ,07960
713,Plans' Liability Insurance Company,"2 Mid America Plaza, Suite 200",,Oakbrook Terrace,IL,60181
714,Pacific Indemnity Company,202B Hall's Mill Road,,Whitehouse Station,NJ,08889
715,Encompass Insurance Company of America,2775 Sanders Road,,Northbrook,IL,60062
716,Fremont Insurance Company,933 E. Main St.,,Fremont,MI,49412
717,American Agricultural Insurance Company,"1501 E. Woodfield Rd., #300 W",,Schaumburg,IL,60173-5422
719,Rockwood Casualty Insurance Company,654 Main Street,,Rockwood,PA,15557
720,Dealers Assurance Company,"240 North Fifth St., Suite 350",,Columbus,OH,46215
721,Berkshire Hathaway Assurance Corporation,"1314 Douglas Street, Suite 1400",,Omaha,NE,68102-1944
722,Berkley Assurance Company,7233 E. Butherus Drive,,Scottsdale,AZ,85260
723,American Economy Insurance Company,175 Berkeley St.,,Boston,MA,02116
724,First National Insurance Company of America,175 Berkeley St.,,Boston,MA,02116
725,Employers Insurance Company of Wausau,175 Berkeley Street,,Boston,MA,02116
726,"Privilege Underwriters Reciprocal Exchange, PURE Risk Mgt, Atty-in-Fact","44 South Broadway, Suite 301",,White Plains,NY,10601
727,Verlan Fire Insurance Company,440 Lincoln St.,,Worcester,MA,01653-0002
728,Municipal Assurance Corp.,31 West 52nd Street,,New York,NY,10019
729,PinnaclePoint Insurance Company,400 Quarrier Street,,Charleston,WV,25339-3922
730,"Maiden Reinsurance North America, Inc.",6000 Midlantic Drive,,Mt. Laurel,NJ,08054
731,RSUI Indemnity Company,"945 East Paces Ferry Road, Suite 1800",,Atlanta,GA,30326-1125
733,Insurance Company of the State of Pennsylvania (The),"175 Water St., 18th Floor",,New York,NY,10038
734,Wausau Underwriters Insurance Company,175 Berkeley Street,,Boston,MA,02116
735,Alterra America Insurance Company,4521 Highwoods Parkway,,Glen Allen,VA,23060-6148
736,North River Insurance Company (The),305 Madison Ave.,,Morristown,NJ,07962
737,Dentists Insurance Company (The),P. O. Box 1582,,Sacramento,CA,95812
738,Medical Protective Company (The),5814 Reed Road,,Ft. Wayne,IN,46805
739,"ProAssurance Indemnity Company, Inc.",PO Box 590009,,Birmingham,AL,35259-0009
740,Hudson Insurance Company,"100 William Street, 5th Floor",,New York,NY,10038
741,American Home Assurance Company,"175 Water St., 18th Floor",,New York,NY,10038
742,Berkshire Hathaway Homestate Insurance Company,"1314 Douglas Street, Suite 1300",,Omaha,NE,68102-1944
743,Great Northwest Insurance Company,"445 Minnesota Street, Suite 730",,St Paul,MN,55101
744,Lexon Insurance Company,"10002 Shelbyville Road, Suite 100",,Louisville,KY,40223
746,Columbia National Insurance Company,10820 Harney Circle,,Omaha,NE,68154
747,Mid-Century Insurance Company,"Farmers Ins Group, Regulatory Affairs Dept.",PO Box 1628,Grand Rapids,MI,49501
748,COPIC Insurance Company,"7351 Lowry Blvd, Suite 400",,Denver,CO,80230
749,USAA General Indemnity Company,9800 Fredericksburg Road,,San Antonio,TX,78288-0429
750,SAFECO Insurance Company of America,175 Berkeley St.,,Boston,MA,02116
751,Shelter General Insurance Company,1817 West Broadway,,Columbia,MO,65218
752,National Specialty Insurance Company,1900 L. Don Dodson Drive,,Bedford,TX,76021
753,Citizens Insurance Company of America,440 Lincoln Street,,Worcester,MA,01653
754,"Seneca Insurance Company, Inc.","160 Water St., 16th Floor",,New York,NY,10038
755,Key Risk Insurance Company,PO Box 49129,,Greensboro,NC,27419
756,Traders Insurance Company,P. O. Box 5374,,Kansas City,MO,64131
757,Gateway Insurance Company,"953 American Lane, 3rd Floor",,Schaumburg,IL,601763
758,American States Preferred Insurance Company,175 Berkeley Street,,Boston,MA,02116
759,American Mercury Insurance Company,P. O. Box 728847,,Oklahoma City,OK,73172-8847
760,Alamance Insurance Company,238 International Road,,Burlington,NC,27215
761,Berkshire Hathaway Specialty Insurance Company,"1314 Douglas Street, Suite 1400",,Omaha,NE,68102-1944
762,First Guard Insurance Company,"200 Nokomis Ave South, 4th Floor",,Venice,FL,34285
763,21st Century Premier Insurance Company,"21st Century Plaza, 3 Beaver Valley Road",,Wilmington,DE,19803
764,Excess Share Insurance Corporation,5656 Franz Road,,Dublin,OH,43017
765,AVEMCO Insurance Company,"8490 Progress Dr., Suite 100",,Frederick,MD,21701
766,Great Midwest Insurance Company,"800 Gessner, Suite 600",,Houston,TX,77024-1206
767,OneBeacon Specialty Insurance Company,150 Royall Street,,Canton,MA,02021
768,Endurance American Insurance Company,"4 Manhattanville Road, 3rd Floor",,Purchase,NY,10577
769,GLOBAL Reinsurance Corporation of America,125 Broad Street,,New York,NY,10004
770,Pekin Insurance Company,2505 Court St.,,Pekin,IL,61558
771,"National General Insurance Online, Inc.","5630 University Parkway, Mail Code 4A05",,Winston-Salem,NC,27105
772,Midwestern Indemnity Company (The),175 Berkeley Street,,Boston,MA,02116
774,Great American Insurance Company,301 E. Fourth Street,,Cincinnati,OH,45202-4201
775,Eastern Advantage Assurance Company,25 Race Avenue,,Lancaster,PA,17603
776,American Standard Insurance Company of Wisconsin,6000 American Parkway,,Madison,WI,53783
777,Integon National Insurance Company,"5630 University Parkway, Mail Code 4A05",,Winston-Salem,NC,27105
779,"Applied Underwriters Captive Risk Assurance Company, Inc.",10805 Old Mill Road,,Omaha,NE,68154
780,AXIS Insurance Company,"11680 Great Oaks Way, Suite 500",,Alpharetta,GA,30022
781,"PACO Assurance Company, Inc.",3000 Meridian Blvd.,,Franklin,TN,37067
782,Hanover American Insurance Company (The),440 Lincoln St.,,Worcester,MA,01653-0002
783,21st Century Casualty Company,"21st Century Plaza, 3 Beaver Valley Road",,Wilmington,DE,19803
784,Ohio Security Insurance Company,175 Berkeley Street,,Boston,MA,02116
786,Middlesex Insurance Company,1800 North Point Drive,,Stevens Point,WI,54481
787,SU Insurance Company,9667 South 20th St,,Oak Creek,WI,53154-4931
788,HDI Global Insurance Company,"161 N. Clark Street, 48th Floor",,Chicago,IL,60601
789,Plateau Casualty Insurance Company,2701 North Main Street,,Crossville,TN,38557-7001
790,Catlin Indemnity Company,3340 Peachtree Road NE,"Tower Place 100, Suite 2950",Atlanta,GA,30326
791,Safeco National Insurance Company,175 Berkeley St.,,Boston,MA,02116
792,Sun Surety Insurance Company,PO Box 2373,,Rapid City,SD,57709
793,GEICO Indemnity Company,One Geico Plaza,,Washington,DC,20076
794,MEDMARC Casualty Insurance Company,"14280 Park Meadow Drive, Suite 300",,Chantilly,VA,20151
795,ZNAT Insurance Company,21233 Califa Street,,Woodland Hills,CA,91367
796,American Hallmark Insurance Company of Texas,"777 Main Street, Suite 1000",,Fort Worth,TX,76102
799,Amerisure Insurance Company,PO Box 2060,,Farmington Hills,MI,48333-2060
800,Arrowood Indemnity Company,3600 Arco Corporate Drive,,Charlotte,NC,28273
801,American Insurance Company (The),"225 W Washington Street, Suite 1800",,Chicago,IL,60606
802,Federal Insurance Company,202B Hall's Mill Road,,Whitehouse Station,NJ,08889
803,Capitol Indemnity Corporation,P. O. Box 5900,,Madison,WI,53705
804,Midwest Employers Casualty Company,"14755 North Outer Forty Drive, #300",,Chesterfield,MO,63017
805,National Indemnity Company,"1314 Douglas Street, Suite 1400",,Omaha,NE,68102-1944
807,Great Northern Insurance Company,202B Hall's Mill Road,,Whitehouse Station,NJ,08889
809,American Commerce Insurance Company,3590 Twin Creeks Drive,,Columbus,OH,43204
810,General Star National Insurance Company,120 Long Ridge Road,,Stamford,CT,06902
811,Peninsula Insurance Company,112 E. Market St.,,Salisbury,MD,21803-008
813,Diamond State Insurance Company,"Three Bala Plaza East, Suite 300",,Bala Cynwyd,PA,19004
814,Esurance Insurance Company,650 Davis Street,,San Francisco,CA,94111
815,"Doctors Direct Insurance, Inc.","1140 W. Lake, #500",,Oak Park,IL,60301
817,GEICO General Insurance Company,One Geico Plaza,,Washington,DC,20076
818,Great American Insurance Company of New York,301 E. Fourth Street,,Cincinnati,OH,45202-4201
819,OBI National Insurance Company,"605 Highway 169 North, Suite 800",,Plymouth,MN,55441
820,Peninsula Indemnity Company,112 E. Market St.,,Salisbury,MD,21803-0108
821,Metromile Insurance Company,"690 Folsom Street, Suite 200",,San Francisco,CA,94107
822,United States Liability Insurance Company,"1190 Devon Park Drive, PO Box 6700",,Wayne,PA,19087-2191
823,Progressive Universal Insurance Company,"6300 Wilson Mills Road, W33",,Mayfield Village,OH,44143-2182
824,Toa Reinsurance Company of America (The),"177 Madison Ave., CN 1930",,Morristown,NJ,07962
825,Columbia Insurance Company,"1314 Douglas Street, Suite 1400",,Omaha,NE,68102-1944
826,FCCI Insurance Company,6300 University Parkway,,Sarasota,FL,34240-8424
827,National Trust Insurance Company,6300 University Parkway,,Sarasota,FL,34240-8424
828,GEICO Advantage Insurance Company,One GEICO Plaza,,Washington,DC,20076
829,Amerisure Partners Insurance Company,26777 Halsted Road,,Farmington Hills,MI,48331-3586
830,Financial Pacific Insurance Company,118 Second Avenue SE,PO Box 73909,Cedar Rapids,IA,52407-3909
831,Service Insurance Company,702 Oberlin Road,,Raleigh,NC,27605
832,NORCAL Mutual Insurance Company,"575 Market Street, Suite 1000",,San Francisco,CA,94105
833,Electric Insurance Company,75 Sam Fonzo Drive,,Beverly,MA,01915
834,Heritage Casualty Insurance Company,"7101 College Blvd, Suite 1400",,Overland Park,KS,66210
835,Genworth Financial Assurance Corporation,8325 Six Forks Road,,Raleigh,NC,27615
836,Progressive Max Insurance Company,"6300 Wilson Mills Road, W33",,Mayfield Village,OH,44143-2182
838,Clear Blue Insurance Company,B7 Tabonuco Street,"9thFloor Santander Tower, Suite 912",Guaynabo,PR,00968
839,CGB Insurance Company,"800 Market Street, Suite 1500A",,St. Louis,MO,63101
840,Maxum Casualty Insurance Company,3655 NorthPoint Parkway,,Alpharetta,GA,30005
841,Horace Mann Property & Casualty Insurance Company,One Horace Mann Plaza,,Springfield,IL,62715
842,Stonington Insurance Company,One General Drive,,Sun Prairie,WI,53596
843,NorGUARD Insurance Company,16 South River Street,,Wilkes-Barre,PA,18703
844,Watford Insurance Company,"445 South St., Suite 220",PO Box 1988,Morristown,NJ,07962
845,"Granite Re, Inc.",14001 Quailbrook Drive,,Oklahoma City,OK,73134
846,KnightBrook Insurance Company,"4751 Wilshire Blvd., Suite 111",,Los Angeles,CA,90010
847,Independence American Insurance Company,"485 Madison Avenue, 14th Floor",,New York,NY,10022-5872
848,TDC National Assurance Company,185 Greenwood Road,,Napa,CA,94558
849,Lyndon Southern Insurance Company,PO Box 44130,,Jacksonville,FL,32231-4130
850,AMEX Assurance Company,20022 N 31st Ave,,Phoenix,AZ,85027
851,Canal Insurance Company,P. O. Box 7,,Greenville,SC,29602
852,Professionals Advocate Insurance Company,225 International Circle,,Hunt Valley,MD,21030
853,Colony Specialty Insurance Company,PO Box 469011,,San Antonio,TX,78246-9011
854,StarNet Insurance Company,"475 Steamboat Road, 1st Floor",,Greenwich,CT,06830
855,Allstate Northbrook Indemnity Company,"3075 Sanders Rd., Suite H1A",,Northbrook,IL,60062-7127
856,Hallmark National Insurance Company,"777 Main Street, Suite 1000",,Fort Worth,TX,76102
858,GeoVera Insurance Company,1455 Oliver Road,,Fairfield,CA,94534
859,Atain Insurance Company,"30833 Northwestern Highway, Suite 220",,Farmington Hills,MI,48334
860,Bearing Midwest Casualty Company,"1100 Walnut Street, Suite 3010",,Kansas City,MO,64106
861,Liberty Personal Insurance Company,175 Berkeley St.,,Boston,MA,02117-0140
862,Teachers Insurance Company,1 Horace Mann Plaza,,Springfield,IL,62715
863,Massachusetts Bay Insurance Company,440 Lincoln Street,,Worcester,MA,01653
864,Progressive Commercial Casualty Company,PO Box 89490,,Cleveland,OH,44101-6490
865,National Union Fire Insurance Company of Pittsburgh Pa.,"175 Water St., 18th Floor",,New York,NY,10038
866,"XL Insurance America, Inc.",70 Seaview Avenue,,Stamford,CT,06902
867,Midvale Indemnity Company,6000 American Parkway,,Madison,WI,53783
868,21st Century Security Insurance Company,"21st Century Plaza, 3 Beaver Valley Road",,Wilmington,DE,19803
869,Liberty Mutual Insurance Company,175 Berkeley St.,,Boston,MA,02116
870,Progressive Specialty Insurance Company,6300 Wilson Mills Road,,Mayfield Village,OH,44143-2182
871,Arch Reinsurance Company,PO Box 1988,,Morristown,NJ,07962-1988
872,Berkshire Hathaway Direct Insurance Company,"1314 Douglas Street, Suite 1400",,Omaha,NE,68102-1944
873,Eastern Atlantic Insurance Company,5300 Derry Street,,Harrisburg,PA,17111
874,American Automobile Insurance Company,"225 W. Washington St., Suite 1800",,Chicago,IL,60606
875,Manufacturers Alliance Insurance Company,PO Box 3031,,Blue Bell,PA,19422-0754
876,AIG Property Casualty Company,"175 Water Street, 18th Floor",,New York,NY,10038
877,Chicago Insurance Company,"225 W. Washington St., Suite 1800",,Chicago,IL,60606
878,Horace Mann Insurance Company,1 Horace Mann Plaza,,Springfield,IL,62715
879,Protective Insurance Company,"111 Congressional Blvd., Suite 500",,Carmel,IN,46032
880,Build America Mutual Assurance Company,"1 World Financial Center, 27th Flr.",200 Liberty St,New York,NY,10281
881,Fireman's Fund Insurance Company,"1465 N. McDowell Blvd., Suite 100",,Petaluma,CA,94954
882,Ohio Indemnity Company,"250 East Broad St., 7th Floor",,Columbus,OH,43215-3708
883,Indiana Insurance Company,175 Berkeley Street,,Boston,MA,02116
884,Cincinnati Insurance Company (The),P. O. Box 145496,,Cincinnati,OH,45214
885,T.H.E. Insurance Company,10451 Gulf Blvd,,Treasure Island,FL,33706-4814
886,"Catlin Insurance Company, Inc.",70 Seaview Avenue,,Stanford,CT,06902
887,Employers Assurance Company,10375 Professional Circle,,Reno,NV,89521-4802
888,Westport Insurance Corporation,5200 Metcalf,,Overland Park,KS,66202
889,First Financial Insurance Company,"185 Asylum Street, 7th Floor",,Hartford,CT,06103
890,GEICO Secure Insurance Company,One GEICO Plaza,,Washington,DC,20076
892,Great American Assurance Company,301 E. Fourth Street,,Cincinnati,OH,45202-4201
893,American Summit Insurance Company,PO Box 2650,,Waco,TX,76702
894,All America Insurance Company,800 South Washington St.,,Van Wert,OH,45891
895,Starr Indemnity & Liability Company,"399 Park Avenue, 8th Floor",,New York,NY,10022
896,Old Republic Surety Company,P. O. Box 1635,,Milwaukee,WI,53201
897,Peachtree Casualty Insurance Company,"350 10th Avenue, Suite 1400",,San Diego,CA,92101
898,Employers Compensation Insurance Company,10375 Professional Circle,,Reno,NV,89521-4802
899,Zurich American Insurance Company,1299 Zurich Way,,Schaumburg,IL,60196
900,Associated Indemnity Corporation,"1465 N. McDowell Blvd., Suite 100",,Petaluma,CA,94954
901,General Insurance Company of America,175 Berkeley St.,,Boston,MA,02116
902,Peerless Insurance Company,175 Berkeley Street,,Boston,MA,02116
903,Mid-Continent Casualty Company,P. O. Box 1409,,Tulsa,OK,74101
904,U.S. Underwriters Insurance Company,1190 Devon Park,,Wayne,PA,19087
908,Blackboard Insurance Company,"120 Broadway, 17th Floor",,New York,NY,10271
912,Response Worldwide Direct Auto Insurance Company,"One East Wacker Drive, Suite 1500",,Chicago,IL,60601
913,Gray Insurance Company (The),P. O. Box 6202,,Metairie,LA,70009-6202
916,Commercial Casualty Insurance Company,5814 Reed Road,,Fort Wayne,IN,46835
919,American Strategic Insurance Corp.,1ASI Way,,St. Petersburg,FL,33702-2407
922,AIG Assurance Company,"175 Water St., 18th Floor",,New York,NY,10038
926,Allstate Vehicle and Property Insurance Company,"3075 Sanders Rd., Suite H1B",,Northbrook,IL,60065
935,"XL Insurance Company of New York, Inc.",70 Seaview Ave.,,Stamford,CT,06902-6040
941,Allstate Fire and Casualty Insurance Company,2775 Sanders Road,,Northbrook,IL,60062
947,Crum & Forster Indemnity Company,PO Box 1973,,Morristown,NJ,07960-1973
949,Securian Casualty Company,400 Robert Street North,,St. Paul,MN,55101
953,Federated Service Insurance Company,121 East Park Square,,Owatonna,MN,55060
959,Universal Underwriters of Texas Insurance Company,1400 American Lane,,Schaumburg,IL,60196
961,West American Insurance Company,175 Berkeley Street,,Boston,MA,02116
967,Protective Property & Casualty Insurance Company,"14755 N. Outer Forty Drive, #400",,St. Louis,MO,63017
968,North American Elite Insurance Company,5200 Metcalf Avenue,,Overland Park,KS,66202-1265
981,Patriot General Insurance Company,1800 North Point Drive,,Stevens Point,WI,54481
987,Executive Risk Indemnity Inc.,202B Hall's Mill Road,,Whitehouse,NJ,08889
994,Spinnaker Insurance Company,"221Main Street, Suite 2",,Chester,NJ,07930
995,Meridian Security Insurance Company,518 East Broad Street,,Columbus,OH,43215
997,Mid-American Fire & Casualty Co.,175 Berkeley Street,,Boston,MA,02116
998,Selective Insurance Company of South Carolina,40 Wantage Avenue,,Branchville,NJ,07890
999,Zenith Insurance Company,21255 Califa St.,,Woodland Hills,CA,91367
1004,Oak River Insurance Company,"1314 Douglas Street, Suite 1300",,Omaha,NE,68102
1010,American Interstate Insurance Company,2301 Highway 190 West,,DeRidder,LA,70634-6005
1013,Allmerica Financial Benefit Insurance Company,440 Lincoln Street,,Worcester,MA,01653
1014,ACA Financial Guaranty Corporation,"555 Theodore Fremd Avenue, Suite C-205",,Rye,NY,10580
1015,Republic Indemnity Company of America,"15821 Ventura Blvd., Suite 370",,Encino,CA,91436
1019,American Country Insurance Company,"953 American Lane, 3rd Floor",,Schaumburg,IL,60173
1024,American Physicians Assurance Corporation,1301 N. Hagadorn Road,,East Lansing,MI,48823
1025,Auto Club Group Insurance Company,1 Auto Club Drive,,Dearborn,MI,48126-4213
1026,First Chicago Insurance Company,6540 South Cicero Avenue,,Bedford Park,IL,60638-5838
1031,"Samsung Fire & Marine Insurance Co., Ltd. (U.S. Branch)","105 Challenger Road, 5th Floor",,Ridgefield Park,NJ,07660
1036,"MGA Insurance Company, Inc.",PO Box 199023,,Dallas,TX,75219-9023
1039,Generali (United States Branch),"7 World Trade Center, 33rd Floor",,New York,NY,10007
1053,Triton Insurance Company,3001 Meacham Blvd. Suite 100,,Ft. Worth,TX,76137
1059,Progressive Direct Insurance Company,6300 Wilson Mills Road,,Mayfield Village,OH,44143-2182
1069,ACIG Insurance Company,"2600 N Central Expressway, Suite 800",,Richardson,TX,75080
1077,American Compensation Insurance Company,"8500 Normandale Lake Blvd., Suite 1400",,Bloomington,MN,55437
1079,Old Republic Security Assurance Company,PO Box 35008,,Tulsa,OK,74153-0008
1085,Sentry Casualty Company,1800 North Point Drive,,Stevens Point,WI,54481
1087,MGIC Assurance Corporation,P. O. Box 756,,Milwaukee,WI,53201-0756
1102,Response Worldwide Insurance Company,"One East Wacker Drive, Suite 1500",,Chicago,IL,60601
1105,Selective Insurance Company of the Southeast,40 Wantage Avenue,,Branchville,NJ,07890
1107,Clearwater Select Insurance Company,300 First Stamford Place,,Stamford,CT,06902
1109,Unitrin Direct Insurance Company,"One East Wacker Drive, Suite 3700",,Chicago,IL,60601
1111,Penn-America Insurance Company,"3 Bala Plaza East, Suite 300",,Bala Cynwyd,PA,19004
1122,Pacific Specialty Insurance Company,"2200 Geng Road, Suite 200",,Palo Alto,CA,94303
1125,"Grinnell Compass, Inc.","4215 Highway 146, PO Box 790",,Grinnell,IA,50112-0790
1126,Falls Lake National Insurance Company,PO Box 97488,,Raleigh,NC,27624
1131,Affirmative Direct Insurance Company,"20 Batterson Park Road, Suite 380",,Farmington,CT,06032-4500
1134,Selective Insurance Company of America,40 Wantage Avenue,,Branchville,NJ,07890
1136,MBIA Insurance Corporation,"1 Manhattan Road, Suite 301",,Purchase,NY,10577
1141,21st Century Pacific Insurance Company,"21st Century Plaza, 3 Beaver Valley Road",,Wilmington,DE,19803-1115
1145,ProAssurance Casualty Company,100 Brookwood Place,,Birmingham,AL,35209
1159,Swiss Reinsurance America Corporation,175 King Street,,Armonk,NY,10504
1162,Unitrin Preferred Insurance Company,12926 Gran Bay Parkway,,Jacksonville,FL,32258
1168,Hallmark Insurance Company,"777 Main Street, Suite 1000",,Fort Worth,TX,76102
1170,Rural Community Insurance Company,3501 Thurston Avenue,,Anoka,MN,55303-1060
1171,SummitPoint Insurance Company,400 Quarrier Street,,Charleston,WV,25339-3922
1197,Secura Insurance A Mutual Company,P. O. Box 819,,Appleton,WI,54912
1198,Republic Indemnity Company of California,"15821 Ventura Blvd., Suite 370",,Encino,CA,91436
1199,Rural Trust Insurance Company,"6301 Ivy Lane, Suite 506",,Greenbelt,MD,20770
1206,Pennsylvania Lumbermens Mutual Insurance Company,One Commerce Square,"2005 Market Street, Suite 1200",Philadelphia,PA,19103-7008
1208,EMC Property & Casualty Company,P. O. Box 712,,Des Moines,IA,50306-0712
1211,Illinois Casualty Company,P. O. Box 5018,,Rock Island,IL,61204-5018
1212,GuideOne America Insurance Company,1111 Ashworth Road,,West Des Moines,IA,50265-3538
1213,American Modern Select Insurance Company,PO Box 5323,,Cincinnati,OH,45201-5323
1215,OBI America Insurance Company,"605 Highway 169 North, Suite 800",,Plymouth,MN,55411
1216,Integrity Select Insurance Company,"2121 East Capitol Drive, PO Box 539",,Appleton,WI,54912-0539
1217,"Consumers Insurance USA, Inc.",PO Box 12269,,Murfreesboro,TN,37129
1219,Markel American Insurance Company,4521 Highwoods Parkway,,Glen Allen,VA,23060
1220,MAG Mutual Insurance Company,"3535 Piedmont Rd. Building 14, Suite 1000",,Atlanta,GA,30305-1518
1221,SPARTA Insurance Company,"5 Batterson Park Road, 3rd Floor",,Farmigton,CT,06032
1222,Specialty Risk of America,401 Fayette Avenue,,Springfield,IL,62704
1223,Arch Structured Mortgage Insurance Company,PO Box 20597,,Greensboro,NC,27420
1224,Radnor Specialty Insurance Company,1170 Devon Park Drive,m,Wayne,PA,19087
1225,Berkley Insurance Company,"475 Steamboat Road, 1st Floor",,Greenwich,CT,06830
1228,Liberty Insurance Underwriters Inc.,175 Berkeley Street,,Boston,MA,02116
1231,Markel Insurance Company,4521 Highwoods Parkway,,Glen Allen,VA,23060
1232,New England Insurance Company,100 High Street,,Boston,MA,02110
1233,Great American Security Insurance Company,301 E. Fourth Street,,Cincinnati,OH,45202-4201
1234,XL Specialty Insurance Company,70 Seaview Avenue,,Stamford,CT,06902
1235,"YCI, Inc.",PO Box 24000,,Oklahoma City,OK,73124-4000
1236,USAA Casualty Insurance Company,9800 Fredericksburg Road,,San Antonio,TX,78288-0429
1238,MemberSelect Insurance Company,One Auto Club Drive,,Dearborn,MI,48126
1240,Encompass Insurance Company,3075 Sanders Road,,Northbrook,IL,60062
1241,PMI Insurance Co.,3003 Oak Road,,Walnut Creek,CA,94597-2098
1243,"American Business & Mercantile Insurance Mutual, Inc.",307 North Michigan Avenue,,Chicago,IL,60601
1244,Association Casualty Insurance Company,P.O. Box 618,,Columbia,MO,65205
1245,Everest Premier Insurance Company,PO Box 830,,Liberty Corner,NJ,07938-0830
1246,Everest Denali Insurance Company,P.O. Box 830,,Liberty Corner,NJ,07938-0830
1248,SFM Safe Insurance Company,"3500 American Boulevard West, Suite 700",,Bloomington,MN,55431
1250,Metropolitan General Insurance Company,700 Quaker Lane,,Warwick,RI,02886-6669
1251,Metropolitan Direct Property and Casualty Insurance Company,700 Quacker Lane,,Warwick,RI,02886-6669
1252,Economy Fire & Casualty Company,700 Quaker Lane,,Warwick,RI,02886
1253,Metropolitan Property and Casualty Insurance Company,700 Quaker Lane,,Warwick,RI,02886-6669
1256,Metropolitan Casualty Insurance Company,700 Quaker Lane,,Warwick,RI,02886-6669
1257,Metropolitan Group Property and Casualty Insurance Company,700 Quaker Lane,,Warwick,RI,02886-6669
1259,Everest National Insurance Company,"477 Martinsville Road,  PO Box 830",,Liberty Corner,NJ,07938-0830
1260,Economy Premier Assurance Company,700 Quaker Lane,PO Box 350,Warwick,RI,02887
1262,Economy Preferred Insurance Company,700 Quaker Lane,PO Box 350,Warwick,RI,02887-0350
1263,Federated Mutual Insurance Company,121 East Park Square,,Owatonna,MN,55060
1265,North American Specialty Insurance Company,5200 Metcalf Avenue,,Overland Park,KS,66202
1267,Arch Insurance Company,"210 Hudson Street, Suite 300",,Jersey City,NJ,07311-1107
1269,Washington International Insurance Company,5200 Metcalf Avenue,,Overland Park,KS,66202-1265
1270,Renaissance Reinsurance U.S. Inc.,"140 Broadway, 42nd Floor",,New York,NY,10005
1271,Pennsylvania Insurance Company,10805 Old Mill Road,,Omaha,NE,68154
1272,Medicus Insurance Company,P.O. Box 2080,,Mechanicsburg,PA,17055
1273,Liberty Mutual Fire Insurance Company,175 Berkeley St.,,Boston,MA,02116
1277,Mapfre Insurance Company,211 Main Street,,Webster,MA,01570
1278,Markel Global Reinsurance Company,Ten Parkway North,,Deerfield,IL,60015
1295,Travelers Casualty and Surety Company,One Tower Square,,Hartford,CT,06183
1296,St. Paul Protective Insurance Company,One Tower Square,,Hartford,CT,06183
1297,Valley Forge Insurance Company,151 N. Franklin St,,Chicago,IL,60606
1298,American Casualty Company of Reading Pennsylvania,151 N. Franklin St.,,Chicago,IL,60606
1299,Austin Mutual Insurance Company,PO Box 1420,,Maple Grove,MN,55369
1300,Clarendon National Insurance Company,"411 5th Avenue, Floor 5",,New York,NY,10016
1302,Charter Oak Fire Insurance Company (The),One Tower Square,,Hartford,CT,06115
1303,Church Mutual Insurance Company,3000 Schuster Lane,,Merrill,WI,54452
1304,Phoenix Insurance Company (The),One Tower Square,,Hartford,CT,06183
1305,Continental Casualty Company,151 N. Franklin St.,,Chicago,IL,60606
1306,Travelers Indemnity Company of Connecticut (The),One Tower Square,,Hartford,CT,06183
1307,General Casualty Company of Wisconsin,One General Drive,,Sun Prairie,WI,53596
1308,Jewelers Mutual Insurance Company,P. O. Box 468,,Neenah,WI,54957-0468
1309,St. Paul Fire and Marine Insurance Company,One Tower Square,,Hartford,CT,06183
1310,Motors Insurance Corporation,"500 Woodward Ave, 14th Floor",,Detroit,MI,48226
1311,National Fire Insurance Company of Hartford,151 N. Franklin St.,,Chicago,IL,60606
1312,Northland Insurance Company,One Tower Square,,Hartford,CT,06183
1313,Providence Washington Insurance Company,"475 Kilvert Street, Suite 330",,Warwick,RI,02886
1314,Standard Fire Insurance Company (The),One Tower Square - 5PB,,Hartford,CT,06183
1315,Transportation Insurance Company,151 N. Franklin St.,,Chicago,IL,60606
1316,Travelers Indemnity Company (The),One Tower Square,,Hartford,CT,06183
1317,United States Fidelity and Guaranty Company,One Tower Square,,Hartford,CT,06183
1318,Western Surety Company,151 N. Franklin St.,,Chicago,IL,60606
1326,Shelter Mutual Insurance Company,1817 West Broadway,,Columbia,MO,65218
1327,Southern Insurance Company,PO Box 809076,,Dallas,TX,75380-9076
1329,"Fidelity and Guaranty Insurance Underwriters, Inc.",One Tower Square,,Hartford,CT,06183
1330,Regent Insurance Company,One General Drive,,Sun Prairie,WI,53596
1331,United Guaranty Residential Insurance Company,"P. O. Box 20597, Law Dept.",,Greensboro,NC,27420
1333,CorePointe Insurance Company,401 S. Old Woodward Avenue,,Birmingham,MI,48009
1334,CIM Insurance Corporation,"500 Woodward Ave, 14th Floor",,Detroit,MI,48226
1335,Balboa Insurance Company,P.O. Box 19702,,Irvine,CA,92623-9702
1336,Arch Mortgage Guaranty Company,"PO Box 20597, Law Dept.",,Greensboro,NC,27420
1337,St. Paul Mercury Insurance Company,One Tower Square,,Hartford,CT,06183
1339,Travelers Indemnity Company of America (The),One Tower Square,,Hartford,CT,06183
1341,United Guaranty Residential Insurance Company of North Carolina,"P. O. Box 20597, Law Dept.",,Greensboro,NC,27420
1342,Select Insurance Company,One Tower Square,,Hartford,CT,06183
1344,"Automobile Insurance Company of Hartford, Connecticut (The)",One Tower Square - 5PB,,Hartford,CT,06183
1346,St. Paul Guardian Insurance Company,One Tower Square,,Hartford,CT,06183
1347,SAFECO Insurance Company of Indiana,175 Berkeley St.,,Boston,MA,02116
1349,Travelers Property Casualty Company of America,One Tower Square,,Hartford,CT,06183
1351,Benchmark Insurance Company,150 Lake Street W,,Wayzata,MN,55391
1352,Milford Casualty Insurance Company,PO Box 650771,,Dallas,TX,75265-0771
1354,Travelers Casualty Insurance Company of America,One Tower Square,,Hartford,CT,06183
1356,QBE Reinsurance Corporation,One General Drive,,Sun Prairie,WI,53596
1359,Everest Reinsurance Company,"477 Martinsville Road,  PO Box 830",,Liberty Corner,NJ,07938-0830
1362,Meritplan Insurance Company,P.O. Box 19702,,Irvine,CA,92623-9702
1363,Fidelity and Guaranty Insurance Company,One Tower Square,,Hartford,CT,06183
1364,Dorinco Reinsurance Company,2040 Building,2211 H.H. Dow Way,Midland,MI,48674
1366,"Munich Reinsurance America, Inc.","555 College Road East, PO Box 5241",,Princeton,NJ,08543
1367,Continental Insurance Company (The),151 N. Franklin Street,,Chicago,IL,60606
1368,Centre Insurance Company,"4 World Trade Center, 53rd Floor",150 Greenwich Street,New York,NY,10007-2366
1370,Travelers Casualty and Surety Company of America,One Tower Square - 5PB,,Hartford,CT,06183
1375,Repwest Insurance Company,2721 North Central Avenue,,Phoenix,AZ,85004
1377,Republic Mortgage Insurance Company,P. O. Box 2514,,Winston-Salem,NC,27102
1378,"Cimarron Insurance Company, Inc.","11121 Carmel Commons Blvd., Suite 375",,Charlotte,NC,28226
1380,Discover Property & Casualty Insurance Company,One Tower Square,,Hartford,CT,06183
1382,American Empire Insurance Company,301 E. Fourth Street,,Cincinnati,OH,45202-4201
1385,Coliseum Reinsurance Company,"125 Broad Street, 5th Floor",,New York,NY,10004
1387,Arch Mortgage Insurance Company,"PO Box 20597, Law Dept.",,Greensboro,NC,27420
1391,Praetorian Insurance Company,One General Drive,,Sun Prairie,WI,53596
1393,MIC Property and Casualty Insurance Corporation,"500 Woodward Ave, 14th Floor",,Detrpot,MI,48226
1394,Heritage Indemnity Company,PO Box 19725,,Irvine,CA,92623
1395,Permanent General Assurance Corporation,"2636 Elm Hill Pike, Suite 510",,Nashville,TN,37214
1396,Travelers Constitution State Insurance Company,One Tower Squar,,Hartford,CT,06183
1397,Travelers Casualty Company (The),One Tower Square,,Hartford,CT,06183
1398,Farmington Casualty Company,One Tower Square - 5PB,,Hartford,CT,06183
1399,International Fidelity Insurance Company,"One Newark Center, 20th Floor",,Newark,NJ,07102
1400,Cameron Mutual Insurance Company,214 East McElwain Drive,,Cameron,MO,64429
1401,QBE Insurance Corporation,One General Drive,,Sun Prairie,WI,53596
1403,NAU Country Insurance Company,7333 Sunwood Drive,,Ramsey,MN,55303
1406,Service American Indemnity Company,PO Box 26850,,Austin,TX,78755
1407,National Farmers Union Property and Casualty Company,One General Drive,,Sun Prairie,WI,53596
1408,BlueShore Insurance Company,1720 W. Rio Salado Pkwy,,Tempe,AZ,85281
1410,Safety National Casualty Corporation,1832 Schuetz Road,,St. Louis,MO,63146
1411,Travelers Commercial Casualty Company,One Tower Square,,Hartford,CT,06183
1412,Wesco Insurance Company,"59 Maiden Lane, 43rd Floor",,New York,NY,10038
1414,Mitsui Sumitomo Insurance USA Inc.,15 Independence Blvd.,,Warren,NJ,07059
1416,Rockford Mutual Insurance Company,"527 Colman Center Dr., P. O. Box 5626",,Rockford,IL,61125-0626
1417,Ashmere Insurance Company,"401 E. Las Olas Blvd, Suite 1540",,Fort Lauderdale,FL,33301
1419,Toyota Motor Insurance Company,"6565 Headquarters Drive, W2-4D",,Plano,TX,75024-5965
1421,Travelers Commercial Insurance Company,One Tower Square - 5PB,,Hartford,CT,06183
1422,Travelers Property Casualty Insurance Company,One Tower Square 5PB,,Hartford,CT,06183
1423,Travelers Casualty Company of Connecticut,One Tower Square - 5PB,,Hartford,CT,06183
1424,General Casualty Insurance Company,One General Drive,,Sun Prairie,WI,53596
1425,Philadelphia Indemnity Insurance Company,"One Bala Plaza, Suite 100",,Bala Cynwyd,PA,19004
1427,AXA Insurance Company,"125 Broad Street, 5th Floor",,New York,NY,10004
1430,Travelers Home and Marine Insurance Company (The),One Tower Square,,Hartford,CT,06183-1190
1431,TravCo Insurance Company,One Tower Square,,Hartford,CT,06183-1190
1432,"California Casualty Indemnity Exchange, CA Cas Mgmt Co Atty-in-Fact",P. O. Box M,,San Mateo,CA,94402-0080
1433,California Casualty Insurance Company,1900 Alameda De Las Pulgas,,San Mateo,CA,94403
1434,California Casualty & Fire Insurance Company,P. O. Box M,,San Mateo,CA,94402-0080
1435,California Casualty General Insurance Company of Oregon,P. O. Box M,,San Mateo,CA,94402-0080
1436,Universal Surety of America,151 N. Franklin St.,,Chicago,IL,60604
1437,"AmTrust Insurance Company of Kansas, Inc.",P.O. Box 650771,,Dallas,TX,75265-0771
1438,21st Century National Insurance Company,"21st Century Plaza, 3 Beaver Valley Road",,Wilmington,DE,19803
1439,Security National Insurance Company,P.O. Box 650771,,Dallas,TX,75265-0771
1442,Equity Insurance Company,"4315 Lakeshore Drive, Suite J",,Waco,TX,76710
1443,Midwest Family Mutual Insurance Company,PO Box 9425,,Minneapolis,MN,55440-9425
1444,NLC Mutual Insurance Company,"660 N, Capital Street, NW, Suite 450",,Washington,DC,20001
1445,American Equity Specialty Insurance Company,One Tower Square,,Hartford,CT,06183
1446,Mendakota Insurance Company,"2805 Dodd Road, Suite 300",,Eagan,MN,55121
1447,SECURA Supreme Insurance Company,PO Box 819,,Appleton,WI,54912-0819
1448,Northfield Insurance Company,One Tower Square,,Hartford,CT,06183
1449,American Sentinel Insurance Company,PO Box 61140,,Harrisburg,PA,17106-1140
1450,Celina Mutual Insurance Company,1 Insurance Square,,Celina,OH,45822-1690
1451,Safety First Insurance Company,1832 Schuetz Rd.,,St. Louis,MO,63146
1453,Fortress Insurance Company,"6133 N. River Road, Suite 650",,Rosemont,IL,60018-5173
1455,Commonwealth Insurance Company of America,"250 Commercial Street, Suite 5000",,Manchester,NH,03101
1456,1st Auto & Casualty Insurance Company,PO Box 7988,,Madison,WI,53707-7988
1457,Arch Mortgage Assurance Company,"PO Box 20597, Law Dept.",,Greensboro,NC,27420
1458,Mitsui Sumitomo Insurance Company of America,"15 Independence Blvd., PO Box 4602",,Warren,NJ,07059
1461,Republic Mortgage Assurance Company,PO Box 2514,,Winston-Salem,NC,27102
1462,Philadelphia Reinsurance Corporation,350 10th Avenue Suite 1450,,San Diego,CA,92101
1464,Monroe Guaranty Insurance Company,6300 University Parkway,,Sarasota,FL,34240
1465,Auto-Owners Specialty Insurance Company,400 Commerce Court,,Goldsboro,NC,27534
1467,Universal Fire & Casualty Insurance Company,3214 Chicago Drive,,Hudsonville,MI,49426
1468,Republic Mortgage Guaranty Insurance Corporation,PO Box 2514,,Winston-Salem,NC,27102
1469,Sequoia Insurance Company,PO Box 1510,,Monterey,CA,93942
1470,Continental Heritage Insurance Company,"6140 Parkland Blvd., Suite 321",,Mayfield Heights,OH,44124
1471,IDS Property Casualty Insurance Company,3500 Packerland Drive,,De Pere,WI,54115-9070
1472,Zale Indemnity Company,PO Box 152762; MS 5 A-9,,Irving,TX,75015-2762
1474,Euler Hermes North America Insurance Company,800 Red Brook Blvd.,,Owings Mills,MD,21117
1476,"Firemen's Insurance Company of Washington, D.C.",PO Box 61038,,Richmond,VA,23261
1477,Intrepid Insurance Company,"700 College Blvd. , Suite 350",,Overland Park,KS,66210
1478,Ameriprise Insurance Company,3500 Packerland Drive,,De Pere,WI,54115
1479,"Technology Insurance Company, Inc.","59 Maiden Lane, 43rd Floor",,New York,NY,10038
1480,Diamond Insurance Company,"1900 E Golf Road, Suite 1275",,Schaumburg,IL,60173
1481,"Financial Casualty & Surety, Inc.","3131 Eastside St., Suite 600",,Houston,TX,77098
1482,Sequoia Indemnity Company,31 Upper Ragsdale Drive,,Monterey,CA,93940
1483,National Mutual Insurance Company (The),1 Insurance Square,,Celina,OH,45822-1690
1486,Miami Mutual Insurance Company,1 Insurance Square,,Celina,OH,45822-1690
1487,Wright National Flood Insurance Company,801 94th Avenue North,,St. Petersburg,FL,33702
1488,Travelers Personal Insurance Company,One Tower Square,,Hartford,CT,06183
1489,Travelers Personal Security Insurance Company,One Tower Square,,Hartford,CT,06183
1490,JM Specialty Insurance Comipany,24 Jewelers Park Drive,,Neenah,WI,54956
1492,National Mortgage Insurance Corporation,"2100 Powell Street, 12th Floor",,Emeryville,CA,94608
1493,Financial American Property and Casualty Insurance Company,"12485 SW 137th Avenue, Suite 300",,Miami,FL,33186
1494,"General Automobile Insurance Company, Inc. (The)",2636 Elm Hill Pike Suite 510,,Nashville,TN,37214
1495,Western National Assurance Company,4700 W 77th Street,,Edina,MN,55435-4818
1496,Permanent General Assurance Corporation of Ohio,2636 Elm Hill Piike Suite 510,,Nashville,TN,37214
1497,Redwood Fire and Casualty Insurance Company,"1314 Douglas Street, Suite 1300",,Omaha,NE,68102-1944
1501,Stonetrust Commercial Insurance Company,"5615 Corporate Blvd., Suite 700",,Baton Rouge,LA,70808
1502,Radian Mortgage Guaranty Inc.,"1500 Market Street, 2050W",,Philadelphia,PA,19102
1504,Universal Property & Casualty Insurance Company,1110 West Commercial Boulevard,,Fort Lauderdale,FL,33309
1505,United Casualty and Surety Insurance Company,292 Newbury Street Suite 105,,Boston,MA,02115
1506,Midwest Family Advantage Insurance Company,PO Box 9425,,Minneapolis,MN,55440-9425
1507,American Inter-Fidelity Exchange,"9223 Broadway, Suite A",,Merrillvill,IN,46410
1508,Plaza Insurance Company,"700 W. 47th St., Suite 350",,Kansas City,MO,64112
1509,Trans Pacific Insurance Company,"Three Bala Plaza East, Suite 400",,Bala Cynwyd,PA,19004
1510,TNUS Insurance Company,"Three Bala Plaza East, Suite 400",,Bala,PA,19004
1511,Tokio Marine America Insurance Company,"Three Bala Plaza East, Suite 400",,Bala Cynwyd,PA,19004-1403
1512,Glencar Insurance Company,"200 South Orange Avenue, Suite 1900",,Orlando,FL,32807
1513,Pharmacists Mutual Insurance Company,P.O. Box 370,,Algona,IA,50511
1514,Lemonade Insurance Company,5 Crosby Street Floor 3,,New York,NY,10013
1515,"Alianz Reinsurance America, Inc.","1465 North McDowell Blvd, Suite 100",,Petaluma,CA,94954
1517,Farmland Mutual Insurance Company,One West Nationwide Blvd. 1-04-701,,Columbus,OH,43215
1518,Iowa Mutual Insurance Company,P.O. Box 290,,De Witt,IA,52742
1519,Nationwide Insurance Company of America,One West Nationwide Blvd. 1-04-701,,Columbus,OH,43215
1522,Ascot Insurance Company,"55 West 46th Street, 26th Floor",,New York,NY,10036
1523,Allied World Insurance Company,"199 Water Street, 16th Floor",,New York,NY,10038
1524,CM Regent Insurance Company,"300 Sterling Parkway, Suite 1400",,Mechanicsburg,PA,17050
